time,latitude,longitude,depth,mag,magType,nst,gap,dmin,rms,net,id,updated,place,type,horizontalError,depthError,magError,magNst,status,locationSource,magSource
2019-12-17T21:00:49.580Z,32.45,-117.273,3.53,1.37,ml,8,227,0.46,0.23,ci,ci39233656,2019-12-17T21:04:37.458Z,"21km SW of Imperial Beach, CA",earthquake,2.64,31.61,0.126,7,automatic,ci,ci
2019-12-17T20:42:20.270Z,38.7775002,-122.7095032,2.38,0.66,md,7,123,0.01227,0.01,nc,nc73315946,2019-12-17T21:21:05.161Z,"2km W of Anderson Springs, CA",earthquake,0.57,0.98,0.06,2,automatic,nc,nc
2019-12-17T20:40:57.090Z,37.6151657,-118.8404999,-0.44,0.82,md,5,147,0.01541,0.01,nc,nc73315941,2019-12-17T21:09:05.083Z,"12km E of Mammoth Lakes, CA",earthquake,0.82,0.3,0.36,6,automatic,nc,nc
2019-12-17T20:24:28.350Z,35.6651667,-117.4941667,4.9,1.12,ml,17,77,0.06541,0.18,ci,ci39233592,2019-12-17T20:28:07.221Z,"14km SW of Searles Valley, CA",earthquake,0.4,0.76,0.115,14,automatic,ci,ci
2019-12-17T20:23:01.915Z,-22.5257,170.4073,10,5.3,mb,,98,2.438,0.95,us,us60006stq,2019-12-17T20:53:16.040Z,"169km W of Ile Hunter, New Caledonia",earthquake,8.7,1.6,0.091,40,reviewed,us,us
2019-12-17T20:19:24.790Z,33.676,-116.7296667,15.67,0.78,ml,15,84,0.03738,0.15,ci,ci39233584,2019-12-17T20:59:39.633Z,"7km S of Idyllwild, CA",earthquake,0.62,0.65,0.195,11,reviewed,ci,ci
2019-12-17T20:18:04.661Z,6.5028,125.4733,8.92,5.3,mww,,39,0.572,1.3,us,us60006st8,2019-12-17T21:15:15.843Z,"1km ENE of Pung-Pang, Philippines",earthquake,8.5,4.3,0.069,20,reviewed,us,us
2019-12-17T20:14:39.338Z,57.885,-156.1106,138.1,2.1,ml,,,,0.73,ak,ak019g4tmkhp,2019-12-17T20:17:52.978Z,"95km SSE of King Salmon, Alaska",earthquake,,0.7,,,automatic,ak,ak
2019-12-17T20:06:08.920Z,35.7138333,-117.5405,9.33,0.96,ml,15,114,0.09451,0.2,ci,ci39233576,2019-12-17T20:09:37.103Z,"14km WSW of Searles Valley, CA",earthquake,0.47,1.05,0.107,8,automatic,ci,ci
2019-12-17T20:05:30.434Z,30.6811,142.2626,10,4.4,mb,,151,3.573,0.95,us,us60006ssy,2019-12-17T21:25:10.040Z,"Izu Islands, Japan region",earthquake,4.9,1.9,0.103,31,reviewed,us,us
2019-12-17T20:04:50.690Z,46.0043333,-112.4735,-2,1.45,ml,10,104,0.058,0.09,mb,mb80375389,2019-12-17T20:17:38.890Z,"4km E of Butte, Montana",quarry blast,0.3,31.61,0.18,3,reviewed,mb,mb
2019-12-17T20:03:15.880Z,38.8193321,-122.8181686,2.28,0.62,md,12,67,0.01353,0.02,nc,nc73315926,2019-12-17T20:13:02.749Z,"7km NW of The Geysers, CA",earthquake,0.34,0.86,0.35,2,automatic,nc,nc
2019-12-17T20:02:02.540Z,38.8255005,-122.7985001,1.51,0.48,md,9,95,0.01438,0.01,nc,nc73315921,2019-12-17T20:46:02.943Z,"6km NW of The Geysers, CA",earthquake,0.33,0.54,0.05,2,automatic,nc,nc
2019-12-17T19:53:23.340Z,45.9241667,-111.4576667,-2,1.55,ml,10,83,0.284,0.56,mb,mb80375384,2019-12-17T20:10:25.450Z,"8km ENE of Three Forks, Montana",quarry blast,1.46,31.61,0.143,6,reviewed,mb,mb
2019-12-17T19:47:04.650Z,37.7340012,-122.1433334,4.38,2.11,md,34,35,0.02144,0.1,nc,nc73315911,2019-12-17T20:34:03.067Z,"2km NE of San Leandro, CA",earthquake,0.17,0.38,0.15,31,automatic,nc,nc
2019-12-17T19:45:39.110Z,36.5538,-117.6,9.7,1.4,ml,13,126.28,0.403,0.206,nn,nn00713138,2019-12-17T20:28:15.623Z,"41km E of Lone Pine, California",earthquake,,4.8,0.57,5,reviewed,nn,nn
2019-12-17T19:42:17.830Z,36.1105,-117.8525,2.9,1.64,ml,20,67,0.007319,0.16,ci,ci39233544,2019-12-17T19:53:15.120Z,"11km NE of Coso Junction, CA",earthquake,0.3,0.49,0.254,22,automatic,ci,ci
2019-12-17T19:28:29.120Z,36.1063333,-117.862,2.3,1.66,ml,19,141,0.01263,0.17,ci,ci39233520,2019-12-17T19:31:59.866Z,"10km NE of Coso Junction, CA",earthquake,0.34,0.31,0.222,26,automatic,ci,ci
2019-12-17T19:16:22.431Z,-5.6322,152.0364,57.15,4.1,mb,,102,1.437,0.84,us,us60006ss8,2019-12-17T20:19:29.040Z,"143km S of Kokopo, Papua New Guinea",earthquake,4.4,9.7,0.157,15,reviewed,us,us
2019-12-17T18:58:32.720Z,35.8001671,-120.3578339,3.4,1.46,md,9,137,0.03078,0.02,nc,nc73315891,2019-12-17T20:00:02.660Z,"10km NNW of Cholame, CA",earthquake,0.62,1.22,0.49,3,automatic,nc,nc
2019-12-17T18:54:17.065Z,60.5096,-149.2084,24,2,ml,,,,0.68,ak,ak019g4so87e,2019-12-17T19:00:58.440Z,"39km NNE of Bear Creek, Alaska",earthquake,,0.2,,,automatic,ak,ak
2019-12-17T18:53:47.814Z,40.9817,19.6385,41.02,4.3,mb,,55,1.273,0.7,us,us60006srv,2019-12-17T19:38:59.040Z,"7km NW of Lushnje, Albania",earthquake,2.2,15.6,0.188,9,reviewed,us,us
2019-12-17T18:49:17.720Z,35.9051667,-117.7128333,4.08,0.48,ml,9,109,0.06624,0.07,ci,ci39233488,2019-12-17T21:00:02.995Z,"18km ESE of Little Lake, CA",earthquake,0.31,0.94,0.163,4,reviewed,ci,ci
2019-12-17T18:30:57.790Z,19.2963333,-155.4283295,7.34,2.24,ml,34,59,0.05462,0.19,hv,hv71282316,2019-12-17T18:36:42.030Z,"11km NNE of Pahala, Hawaii",earthquake,0.41,0.93,4.33,3,automatic,hv,hv
2019-12-17T18:29:21.020Z,35.8068352,-120.3529968,6.32,4.29,mw,61,92,0.02578,0.06,nc,nc73315876,2019-12-17T21:21:38.967Z,"11km NNW of Cholame, CA",earthquake,0.15,0.26,,8,reviewed,nc,nc
2019-12-17T18:20:39.781Z,63.9853,-148.4461,33,1.8,ml,,,,0.94,ak,ak019g4sgzm2,2019-12-17T18:24:50.771Z,"29km ENE of Healy, Alaska",earthquake,,0.8,,,automatic,ak,ak
2019-12-17T18:12:34.380Z,35.6815,-117.4646667,10.57,1.05,ml,15,87,0.08483,0.19,ci,ci39233448,2019-12-17T18:16:18.967Z,"11km SSW of Searles Valley, CA",earthquake,0.45,1.09,0.149,12,automatic,ci,ci
2019-12-17T18:03:49.560Z,37.6376667,-118.9481667,4.6,0.22,md,0,179,0.02248,0.02,nc,nc73315871,2019-12-17T20:11:03.735Z,"3km E of Mammoth Lakes, CA",earthquake,0.63,1.69,0.169,6,reviewed,nc,nc
2019-12-17T18:02:19.260Z,46.9055,-112.512,12.55,0.63,md,10,112,0.111,0.15,mb,mb80375374,2019-12-17T18:57:41.360Z,"14km ESE of Lincoln, Montana",earthquake,1.12,0.47,0.421,3,reviewed,mb,mb
2019-12-17T17:53:56.786Z,29.808,139.1274,395.4,4.4,mb,,80,3.348,0.93,us,us60006sqk,2019-12-17T19:12:53.040Z,"Izu Islands, Japan region",earthquake,8.5,6.4,0.043,168,reviewed,us,us
2019-12-17T17:46:50.920Z,19.2998333,-155.4214935,3.62,2.2,ml,45,64,0.04754,0.24,hv,hv71282296,2019-12-17T17:52:34.040Z,"12km NNE of Pahala, Hawaii",earthquake,0.45,2.12,3.13,8,automatic,hv,hv
2019-12-17T17:44:08.620Z,37.1575012,-121.5606689,2.37,1.8,md,18,72,0.05289,0.06,nc,nc73315866,2019-12-17T20:55:02.995Z,"9km ENE of Morgan Hill, CA",earthquake,0.26,0.89,0.17,13,automatic,nc,nc
2019-12-17T17:39:11.384Z,59.9521,-153.0597,127.3,2.4,ml,,,,0.41,ak,ak019g4rzkgw,2019-12-17T18:53:29.040Z,"61km SSW of Redoubt Volcano, Alaska",earthquake,,0.4,,,automatic,ak,ak
2019-12-17T17:33:06.682Z,63.4598,-151.4462,11,1.5,ml,,,,0.67,ak,ak019g4ry9rg,2019-12-17T17:35:49.126Z,"124km W of Cantwell, Alaska",earthquake,,0.3,,,automatic,ak,ak
2019-12-17T17:30:47.335Z,62.6695,-149.5403,57.2,1.9,ml,,,,0.8,ak,ak019g4rxpr4,2019-12-17T17:37:29.835Z,"48km NE of Talkeetna, Alaska",earthquake,,0.6,,,automatic,ak,ak
2019-12-17T17:24:08.010Z,36.1128333,-117.8523333,3.83,1.15,ml,16,106,0.00516,0.12,ci,ci39233424,2019-12-17T19:07:30.913Z,"12km NE of Coso Junction, CA",earthquake,0.23,0.3,0.231,14,reviewed,ci,ci
2019-12-17T17:18:50.650Z,35.7091667,-117.5461667,7.25,1.34,ml,20,130,0.08892,0.16,ci,ci39233392,2019-12-17T17:32:13.056Z,"14km WSW of Searles Valley, CA",earthquake,0.33,0.64,0.166,17,reviewed,ci,ci
2019-12-17T17:16:40.570Z,35.6516667,-117.471,3.36,0.11,ml,7,132,0.05485,0.08,ci,ci37431757,2019-12-17T19:13:35.697Z,"14km SSW of Searles Valley, CA",earthquake,0.22,0.78,0.153,2,reviewed,ci,ci
2019-12-17T17:16:23.220Z,36.1081667,-117.8593333,4,0.53,ml,10,186,0.01007,0.04,ci,ci39233400,2019-12-17T19:08:32.594Z,"11km NE of Coso Junction, CA",earthquake,0.22,0.2,0.055,2,reviewed,ci,ci
2019-12-17T17:15:05.750Z,36.1085,-117.8576667,3.73,0.72,ml,11,149,0.009342,0.04,ci,ci39233384,2019-12-17T19:15:22.608Z,"11km NE of Coso Junction, CA",earthquake,0.16,0.17,0.28,5,reviewed,ci,ci
2019-12-17T17:15:00.100Z,36.0528333,-117.8613333,3.6,0.11,ml,7,156,0.05079,0.16,ci,ci37431765,2019-12-17T19:18:50.482Z,"8km E of Coso Junction, CA",earthquake,0.65,1.99,0.001,1,reviewed,ci,ci
2019-12-17T17:04:59.690Z,36.1086667,-117.8598333,3.79,1.17,ml,18,107,0.009764,0.11,ci,ci39233376,2019-12-17T19:32:24.556Z,"11km NE of Coso Junction, CA",earthquake,0.2,0.27,0.314,12,reviewed,ci,ci
2019-12-17T17:02:19.950Z,36.1083333,-117.8608333,2.56,2.62,ml,30,54,0.01042,0.19,ci,ci39233368,2019-12-17T17:13:58.573Z,"11km NE of Coso Junction, CA",earthquake,0.3,0.44,0.253,26,automatic,ci,ci
2019-12-17T17:01:37.730Z,35.9848333,-117.6786667,2,1.18,ml,13,85,0.04342,0.11,ci,ci39233360,2019-12-17T17:05:11.447Z,"21km ENE of Little Lake, CA",earthquake,0.22,0.18,0.118,17,automatic,ci,ci
2019-12-17T16:56:37.120Z,35.7053333,-117.4906667,4.19,1.2,ml,23,82,0.1048,0.21,ci,ci39233344,2019-12-17T17:32:25.704Z,"10km SW of Searles Valley, CA",earthquake,0.35,0.99,0.172,16,reviewed,ci,ci
2019-12-17T16:52:42.110Z,38.8404999,-122.878334,1.94,0.59,md,10,91,0.01812,0.04,nc,nc73315846,2019-12-17T17:28:02.747Z,"13km ENE of Cloverdale, CA",earthquake,0.45,0.65,,3,automatic,nc,nc
2019-12-17T16:52:18.410Z,36.1075,-117.8491667,3.55,0.58,ml,10,137,0.01107,0.06,ci,ci37431773,2019-12-17T19:27:26.839Z,"11km NE of Coso Junction, CA",earthquake,0.32,0.32,0.161,3,reviewed,ci,ci
2019-12-17T16:52:15.450Z,35.8543333,-117.6811667,8.49,0.61,ml,10,81,0.07813,0.17,ci,ci39233336,2019-12-17T19:24:14.281Z,"22km ESE of Little Lake, CA",earthquake,0.44,1.18,0.173,5,reviewed,ci,ci
2019-12-17T16:48:38.590Z,37.6151667,-118.8518333,1.36,0.28,md,6,123,0.00962,0.02,nc,nc73315841,2019-12-17T19:37:03.508Z,"11km ESE of Mammoth Lakes, CA",earthquake,0.87,0.84,0.184,5,reviewed,nc,nc
2019-12-17T16:47:11.380Z,37.6173325,-118.8426666,1.64,1.22,md,8,136,0.01387,0.02,nc,nc73315836,2019-12-17T20:12:03.742Z,"12km E of Mammoth Lakes, CA",earthquake,0.59,0.74,0.22,8,automatic,nc,nc
2019-12-17T16:46:25.850Z,35.6095,-117.494,5.29,0.5,mh,9,111,0.009916,0.12,ci,ci37431781,2019-12-17T19:34:40.565Z,"16km E of Ridgecrest, CA",earthquake,0.61,0.32,,0,reviewed,ci,ci
2019-12-17T16:45:26.720Z,36.1096667,-117.858,3.89,0.65,ml,10,183,0.008296,0.04,ci,ci39233320,2019-12-17T19:46:28.149Z,"11km NE of Coso Junction, CA",earthquake,0.23,0.21,0.056,2,reviewed,ci,ci
2019-12-17T16:39:06.730Z,38.840332,-122.8781662,2.81,1.15,md,19,90,0.01827,0.06,nc,nc73315831,2019-12-17T19:45:04.561Z,"13km ENE of Cloverdale, CA",earthquake,0.33,0.72,0.01,4,automatic,nc,nc
2019-12-17T16:38:14.630Z,35.6708333,-117.5281667,6.87,2.34,ml,36,51,0.05901,0.21,ci,ci39233304,2019-12-17T16:51:48.703Z,"14km ENE of Ridgecrest, CA",earthquake,0.28,0.81,0.179,26,automatic,ci,ci
2019-12-17T16:37:21.770Z,38.8409996,-122.8773346,2.71,1.51,md,24,71,0.005524,0.04,nc,nc73315821,2019-12-17T19:03:05.313Z,"13km NW of The Geysers, CA",earthquake,0.25,0.56,0.12,5,automatic,nc,nc
2019-12-17T16:37:21.590Z,19.0848,-67.7396,11,3.23,md,13,317,0.7472,0.45,pr,pr2019351032,2019-12-17T18:19:20.040Z,"89km NW of San Antonio, Puerto Rico",earthquake,16.9,24.15,0.37,13,reviewed,pr,pr
2019-12-17T16:36:06.643Z,62.325,-150.9193,50.3,1.7,ml,,,,0.51,ak,ak019g4rdhaw,2019-12-17T16:42:04.912Z,"41km W of Talkeetna, Alaska",earthquake,,1.4,,,automatic,ak,ak
2019-12-17T16:34:30.618Z,37.8692,-118.4793,10.6,1.2,ml,7,113.34,0.383,0.183,nn,nn00713127,2019-12-17T18:37:16.203Z,"49km ENE of Mammoth Lakes, California",earthquake,,21.6,0.96,3,reviewed,nn,nn
2019-12-17T16:33:25.660Z,35.6453333,-117.4525,4.22,1.26,ml,17,83,0.05615,0.17,ci,ci39233296,2019-12-17T16:37:09.409Z,"14km SSW of Searles Valley, CA",earthquake,0.33,0.7,0.161,16,automatic,ci,ci
2019-12-17T16:27:28.650Z,35.7965,-117.6166667,6.55,0.84,ml,20,63,0.02472,0.16,ci,ci39233280,2019-12-17T18:56:46.791Z,"20km W of Searles Valley, CA",earthquake,0.26,0.5,0.175,8,reviewed,ci,ci
2019-12-17T16:14:21.627Z,-45.0179,167.42,122.74,4.2,mb,,102,0.484,0.5,us,us60006spc,2019-12-17T16:36:31.040Z,"50km NNW of Te Anau, New Zealand",earthquake,8.1,8.6,0.373,2,reviewed,us,us
2019-12-17T16:10:11.700Z,35.7046667,-117.5565,1.62,1.08,ml,19,126,0.08308,0.18,ci,ci39233264,2019-12-17T16:13:57.327Z,"14km NE of Ridgecrest, CA",earthquake,0.31,0.45,0.117,13,automatic,ci,ci
2019-12-17T16:02:19.750Z,36.1088333,-117.8541667,3.66,1.2,ml,16,132,0.008747,0.11,ci,ci39233256,2019-12-17T19:43:53.141Z,"11km NE of Coso Junction, CA",earthquake,0.22,0.29,0.239,13,reviewed,ci,ci
2019-12-17T15:44:49.712Z,39.5301,-120.3437,9.6,0.2,ml,4,178.46,0.179,0.2023,nn,nn00713124,2019-12-17T18:00:21.240Z,"26km NNW of Truckee, California",earthquake,,10.3,0.73,2,reviewed,nn,nn
2019-12-17T15:40:55.690Z,38.8303337,-122.8121643,1.07,0.66,md,8,135,0.007118,0.02,nc,nc73315801,2019-12-17T17:42:03.828Z,"8km NW of The Geysers, CA",earthquake,0.33,0.7,0.1,2,automatic,nc,nc
2019-12-17T15:40:14.910Z,19.1884995,-155.4568329,36.31,1.84,md,30,122,0.03329,0.12,hv,hv71282196,2019-12-17T15:43:17.270Z,"3km SE of Pahala, Hawaii",earthquake,0.77,0.93,0.16,6,automatic,hv,hv
2019-12-17T15:29:17.510Z,35.676,-117.5173333,9.32,1.54,ml,14,128,0.06839,0.16,ci,ci39233224,2019-12-17T17:33:01.706Z,"14km SW of Searles Valley, CA",earthquake,0.36,0.85,0.124,4,reviewed,ci,ci
2019-12-17T15:28:32.440Z,35.6738333,-117.5256667,11.63,2.66,ml,31,55,0.06263,0.16,ci,ci39233216,2019-12-17T17:13:45.068Z,"15km ENE of Ridgecrest, CA",earthquake,0.24,0.73,0.202,25,automatic,ci,ci
2019-12-17T15:26:06.630Z,44.9936667,-111.638,10.75,0.91,ml,7,162,0.22,0.12,mb,mb80375364,2019-12-17T16:19:24.130Z,"38km SSW of Big Sky, Montana",earthquake,0.6,1.04,0.196,2,reviewed,mb,mb
2019-12-17T15:25:14.564Z,60.3633,-139.6991,6.36,2.5,ml,,77,0.385,0.46,us,us60006sp2,2019-12-17T16:45:04.040Z,"90km N of Yakutat, Alaska",earthquake,1.5,8.6,0.042,74,reviewed,us,us
2019-12-17T15:09:46.209Z,61.2985,-150.4381,48.4,1.6,ml,,,,0.4,ak,ak019g4qmcf0,2019-12-17T15:12:34.642Z,"30km WNW of Anchorage, Alaska",earthquake,,0.7,,,automatic,ak,ak
2019-12-17T14:58:58.840Z,46.929,-111.9241667,-2.96,1.64,ml,14,213,0.254,0.19,mb,mb80375359,2019-12-17T15:27:51.840Z,"24km NNE of Helena Valley Northwest, Montana",earthquake,1.39,5.31,0.185,4,reviewed,mb,mb
2019-12-17T14:56:47.777Z,61.4012,-150.0927,42.6,1.2,ml,,,,0.67,ak,ak019g4qazl4,2019-12-17T15:02:11.775Z,"15km SSW of Big Lake, Alaska",earthquake,,0.8,,,automatic,ak,ak
2019-12-17T14:53:48.390Z,19.3418331,-155.1436615,1.82,2.16,ml,45,105,0.04456,0.22,hv,hv71282141,2019-12-17T14:59:29.810Z,"13km SE of Volcano, Hawaii",earthquake,0.35,0.63,0.37,15,automatic,hv,hv
2019-12-17T14:51:20.481Z,66.3305,-157.2927,7.4,3,ml,,,,0.38,ak,ak019g4q9ux1,2019-12-17T18:56:12.040Z,"66km SSW of Kobuk, Alaska",earthquake,,0.2,,,reviewed,ak,ak
2019-12-17T14:26:51.200Z,35.6871667,-117.5285,9.21,1.3,ml,20,129,0.07292,0.16,ci,ci39233192,2019-12-17T14:30:21.662Z,"14km SW of Searles Valley, CA",earthquake,0.37,0.8,0.132,17,automatic,ci,ci
2019-12-17T14:23:29.390Z,40.2093315,-124.1621704,11.05,1.91,md,5,185,0.07965,0.04,nc,nc73315781,2019-12-17T16:05:04.277Z,"17km SE of Petrolia, CA",earthquake,2.71,2.24,0.08,4,automatic,nc,nc
2019-12-17T14:20:57.810Z,37.6231667,-118.849,2.07,0.66,md,14,99,0.01184,0.05,nc,nc73315776,2019-12-17T19:15:04.387Z,"12km E of Mammoth Lakes, CA",earthquake,0.29,0.45,0.282,13,reviewed,nc,nc
2019-12-17T14:19:16.510Z,44.971,-74.79,10.68,2.12,ml,13,112,0.0584,0.25,ld,ld60068303,2019-12-17T20:23:31.993Z,"7km SW of Cornwall, Canada",earthquake,0.65,0.85,0.098,11,reviewed,ld,ld
2019-12-17T14:17:07.837Z,63.0588,-150.7304,122.3,2.8,ml,,,,0.53,ak,ak019g4q2jh7,2019-12-17T16:38:51.040Z,"87km NNW of Talkeetna, Alaska",earthquake,,0.4,,,automatic,ak,ak
2019-12-17T14:17:00.183Z,65.3751,-148.0731,10.1,1.4,ml,,,,0.3,ak,ak019g4q2j0s,2019-12-17T14:23:50.865Z,"58km N of Ester, Alaska",earthquake,,0.6,,,automatic,ak,ak
2019-12-17T14:06:24.720Z,32.6733333,-115.7823333,9.29,1.15,ml,16,81,0.05292,0.18,ci,ci39233176,2019-12-17T21:09:01.702Z,"21km ESE of Ocotillo, CA",earthquake,0.29,0.68,0.14,5,reviewed,ci,ci
2019-12-17T13:59:35.305Z,37.2023,-117.7085,0,0.5,ml,3,196.18,0.059,0.2052,nn,nn00713123,2019-12-17T17:54:10.220Z,"51km E of Big Pine, California",earthquake,,0,0.15,3,reviewed,nn,nn
2019-12-17T13:57:45.740Z,38.8195,-122.7736664,-0.27,0.7,md,8,142,0.01134,0.1,nc,nc73315766,2019-12-17T15:23:03.028Z,"4km W of Cobb, CA",earthquake,0.48,0.97,0.19,2,automatic,nc,nc
2019-12-17T13:56:35.936Z,63.3826,-153.6245,13.1,1.2,ml,,,,0.39,ak,ak019g4ppj1p,2019-12-17T17:17:13.072Z,"110km ENE of McGrath, Alaska",earthquake,,0.1,,,reviewed,ak,ak
2019-12-17T13:56:19.040Z,35.7368333,-117.5371667,8.52,0.9,ml,13,139,0.09278,0.16,ci,ci39233168,2019-12-17T14:49:05.557Z,"12km WSW of Searles Valley, CA",earthquake,0.48,1.15,0.078,10,reviewed,ci,ci
2019-12-17T13:46:00.669Z,61.4803,-150.0024,41.3,1.7,ml,,,,0.49,ak,ak019g4pnb6q,2019-12-17T13:56:29.922Z,"5km SSW of Big Lake, Alaska",earthquake,,0.8,,,automatic,ak,ak
2019-12-17T13:43:41.880Z,61.3882,-149.9482,30.5,3.2,ml,,,,0.62,ak,ak019g4pmr5d,2019-12-17T20:15:38.287Z,"14km S of Big Lake, Alaska",earthquake,,0.3,,,reviewed,ak,ak
2019-12-17T13:34:30.410Z,37.621,-118.8458333,1.54,0.01,md,8,116,0.01202,0.02,nc,nc73315756,2019-12-17T19:04:04.320Z,"12km E of Mammoth Lakes, CA",earthquake,0.34,0.63,0.208,7,reviewed,nc,nc
2019-12-17T13:33:09.759Z,63.1165,-150.6218,114.4,2.1,ml,,,,0.45,ak,ak019g4pkjll,2019-12-17T13:45:36.948Z,"89km WSW of Cantwell, Alaska",earthquake,,0.8,,,automatic,ak,ak
2019-12-17T12:47:41.060Z,34.0573333,-118.422,6.98,1.59,ml,28,71,0.04059,0.18,ci,ci39233144,2019-12-17T19:58:15.087Z,"0km WSW of Century City, CA",earthquake,0.29,0.48,0.178,35,reviewed,ci,ci
2019-12-17T12:31:52.310Z,36.4123333,-89.5201667,8.6,1.38,md,14,114,0.05154,0.04,nm,nm60271142,2019-12-17T14:16:13.980Z,"5km NW of Tiptonville, Tennessee",earthquake,0.47,0.53,0.134,9,reviewed,nm,nm
2019-12-17T12:30:20.260Z,35.853,-117.6731667,9.81,0.83,ml,13,86,0.07185,0.17,ci,ci39233136,2019-12-17T12:34:09.188Z,"23km ESE of Little Lake, CA",earthquake,0.48,0.84,0.181,10,automatic,ci,ci
2019-12-17T12:29:21.670Z,36.5265,-98.98433333,7.97,0.93,ml,12,138,0.04769064147,0.06,ok,ok2019yqku,2019-12-17T19:56:41.000Z,"22km ENE of Mooreland, Oklahoma",earthquake,,0.2,,6,reviewed,ok,ok
2019-12-17T12:22:40.110Z,38.8201675,-122.8134995,2.9,0.87,md,19,64,0.004189,0.02,nc,nc73315751,2019-12-17T14:56:03.871Z,"7km NW of The Geysers, CA",earthquake,0.23,0.56,0.26,3,automatic,nc,nc
2019-12-17T12:07:54.520Z,35.8661667,-117.6891667,7.91,0.75,ml,21,79,0.0842,0.16,ci,ci39233128,2019-12-17T19:51:45.218Z,"21km ESE of Little Lake, CA",earthquake,0.24,0.66,0.192,7,reviewed,ci,ci
2019-12-17T12:02:33.150Z,35.6573333,-117.4903333,1.56,0.31,ml,9,130,0.05762,0.15,ci,ci37431789,2019-12-17T21:24:24.114Z,"14km SSW of Searles Valley, CA",earthquake,0.28,0.49,,1,reviewed,ci,ci
2019-12-17T12:02:05.070Z,35.8668333,-117.6908333,7.07,0.62,ml,23,59,0.08367,0.14,ci,ci39233120,2019-12-17T20:29:17.429Z,"21km ESE of Little Lake, CA",earthquake,0.22,0.62,0.22,8,reviewed,ci,ci
2019-12-17T11:55:55.460Z,38.8175011,-122.7623367,2,0.69,md,11,115,0.01424,0.08,nc,nc73315746,2019-12-17T12:35:03.035Z,"3km W of Cobb, CA",earthquake,0.41,0.84,0.18,3,automatic,nc,nc
2019-12-17T11:54:58.120Z,38.8138351,-122.7630005,1.62,1.03,md,13,90,0.01747,0.03,nc,nc73315741,2019-12-17T14:28:02.692Z,"4km WSW of Cobb, CA",earthquake,0.3,0.54,0.12,3,automatic,nc,nc
2019-12-17T11:51:41.220Z,38.8143349,-122.7631683,1.93,1.13,md,12,103,0.01695,0.03,nc,nc73315736,2019-12-17T14:01:04.529Z,"4km WSW of Cobb, CA",earthquake,0.38,0.64,0.21,3,automatic,nc,nc
2019-12-17T11:45:05.810Z,37.6136665,-118.8410034,2.17,1.15,md,12,141,0.01696,0.03,nc,nc73315726,2019-12-17T13:34:04.366Z,"12km ESE of Mammoth Lakes, CA",earthquake,0.87,0.44,0.11,12,automatic,nc,nc
2019-12-17T11:44:46.970Z,37.6198333,-118.8456667,1.84,0.42,md,12,120,0.01285,0.02,nc,nc73315731,2019-12-17T18:54:02.260Z,"12km E of Mammoth Lakes, CA",earthquake,0.28,0.53,0.257,11,reviewed,nc,nc
2019-12-17T11:31:42.280Z,37.6215,-118.8473333,1.48,0.12,md,7,126,0.01265,0.02,nc,nc73315721,2019-12-17T18:44:03.199Z,"12km E of Mammoth Lakes, CA",earthquake,0.26,0.61,0.282,7,reviewed,nc,nc
2019-12-17T11:27:28.750Z,35.6491667,-117.4715,6.85,0.96,ml,11,131,0.05236,0.13,ci,ci39233104,2019-12-17T14:49:31.091Z,"14km SSW of Searles Valley, CA",earthquake,0.55,0.82,0.108,10,reviewed,ci,ci
2019-12-17T11:16:58.124Z,31.6161,-104.1905,5,3.4,mb_lg,,61,0.369,0.37,us,us60006sme,2019-12-17T15:46:33.829Z,"56km W of Mentone, Texas",earthquake,1.3,1.9,0.07,101,reviewed,us,us
2019-12-17T11:16:23.300Z,19.2196674,-155.3939972,32.02,2.03,md,35,157,0.01805,0.13,hv,hv71281991,2019-12-17T11:19:28.850Z,"9km E of Pahala, Hawaii",earthquake,0.63,0.72,0.1,9,automatic,hv,hv
2019-12-17T11:15:56.953Z,63.3813,-144.8589,0,2,ml,,,,0.79,ak,ak019g4o9x4w,2019-12-17T11:23:08.165Z,"57km SSE of Deltana, Alaska",earthquake,,0.3,,,automatic,ak,ak
2019-12-17T11:14:03.880Z,36.5463333,-121.0606689,9.07,2.29,md,22,103,0.03631,0.11,nc,nc73315716,2019-12-17T13:07:04.223Z,"8km ENE of Pinnacles, CA",earthquake,0.36,0.75,0.15,22,automatic,nc,nc
2019-12-17T11:12:47.960Z,19.4190006,-155.2786713,-0.23,2,ml,17,63,0.005291,0.1,hv,hv71281981,2019-12-17T11:18:29.340Z,"4km WSW of Volcano, Hawaii",earthquake,0.16,0.18,0.35,8,automatic,hv,hv
2019-12-17T11:03:10.390Z,34.21,-117.5488333,12.26,1.05,ml,32,44,0.05998,0.16,ci,ci39233096,2019-12-17T19:42:16.420Z,"7km SW of Lytle Creek, CA",earthquake,0.22,0.54,0.141,12,reviewed,ci,ci
2019-12-17T11:02:59.800Z,19.2393,-67.2708,25,3.57,md,14,295,0.7881,0.3,pr,pr2019351010,2019-12-17T11:33:30.570Z,"84km NNW of San Antonio, Puerto Rico",earthquake,1.58,18.77,0.18,11,reviewed,pr,pr
2019-12-17T11:01:58.590Z,35.373,-117.8993333,6.33,1.53,ml,33,40,0.1141,0.17,ci,ci39233088,2019-12-17T14:49:47.094Z,"24km W of Johannesburg, CA",earthquake,0.25,1.06,0.122,26,reviewed,ci,ci
2019-12-17T11:00:22.950Z,38.8419991,-122.8411636,1.81,0.92,md,19,90,0.0188,0.03,nc,nc73315711,2019-12-17T12:52:03.139Z,"10km NW of The Geysers, CA",earthquake,0.22,0.4,0.01,5,automatic,nc,nc
2019-12-17T10:36:47.050Z,41.526,-112.2115,6.92,1.27,md,13,74,0.07102,0.18,uu,uu60354797,2019-12-17T15:04:45.810Z,"16km W of Brigham City, Utah",earthquake,0.6,1.32,0.121,8,reviewed,uu,uu
2019-12-17T10:29:38.470Z,33.5971667,-116.8068333,5.8,0.59,ml,23,80,0.04734,0.15,ci,ci39233080,2019-12-17T10:33:17.704Z,"13km WNW of Anza, CA",earthquake,0.34,0.67,0.162,11,automatic,ci,ci
2019-12-17T10:24:55.840Z,36.7469,-116.4442,3.9,1.2,ml,11,90.99,0.094,0.1531,nn,nn00713122,2019-12-17T17:51:04.760Z,"33km ESE of Beatty, Nevada",earthquake,,6.9,1.1,5,reviewed,nn,nn
2019-12-17T10:21:19.590Z,35.665,-117.4865,4.8,1.69,ml,26,78,0.06543,0.13,ci,ci39233072,2019-12-17T14:50:17.180Z,"14km SSW of Searles Valley, CA",earthquake,0.25,0.47,0.099,25,reviewed,ci,ci
2019-12-17T10:16:18.680Z,37.6193333,-118.8461667,2.06,0.58,md,14,119,0.01333,0.03,nc,nc73315701,2019-12-17T17:59:02.922Z,"12km E of Mammoth Lakes, CA",earthquake,0.3,0.37,0.214,13,reviewed,nc,nc
2019-12-17T10:12:28.130Z,35.5831667,-117.4045,5.56,1.54,ml,23,60,0.04715,0.24,ci,ci39233064,2019-12-17T10:16:13.605Z,"20km S of Trona, CA",earthquake,0.46,0.82,0.175,22,automatic,ci,ci
2019-12-17T09:57:46.250Z,35.7598333,-117.5163333,13.97,1.09,ml,13,153,0.08642,0.23,ci,ci39233056,2019-12-17T10:01:18.493Z,"10km W of Searles Valley, CA",earthquake,1.07,1.38,0.208,8,automatic,ci,ci
2019-12-17T09:53:53.280Z,37.6531667,-118.9003333,-0.75,0.11,md,6,205,0.004633,0.02,nc,nc73315691,2019-12-17T18:22:03.067Z,"7km ENE of Mammoth Lakes, CA",earthquake,1.01,0.43,0.216,6,reviewed,nc,nc
2019-12-17T09:48:50.220Z,35.666,-117.4996667,9.23,1.59,ml,26,75,0.06648,0.19,ci,ci39233048,2019-12-17T14:51:20.650Z,"14km SW of Searles Valley, CA",earthquake,0.35,0.68,0.109,24,reviewed,ci,ci
2019-12-17T09:44:50.058Z,37.2861,-117.6618,3.1,1.5,ml,14,120.9,0.055,0.1832,nn,nn00713102,2019-12-17T17:23:18.463Z,"57km ENE of Big Pine, California",earthquake,,1.8,0.45,9,reviewed,nn,nn
2019-12-17T09:32:25.690Z,33.4881667,-116.8075,5.19,0.68,ml,19,77,0.09681,0.12,ci,ci39233040,2019-12-17T14:50:49.652Z,"7km NE of Aguanga, CA",earthquake,0.24,1.22,0.115,13,reviewed,ci,ci
2019-12-17T09:28:02.092Z,62.1861,-150.1843,9.1,1.6,ml,,,,0.75,ak,ak019g4n5pzl,2019-12-17T09:31:16.925Z,"15km SSW of Talkeetna, Alaska",earthquake,,0.3,,,automatic,ak,ak
2019-12-17T09:23:07.749Z,64.8758,-149.4984,14.7,1.6,ml,,,,0.52,ak,ak019g4n4nu6,2019-12-17T09:28:05.890Z,"37km NNW of North Nenana, Alaska",earthquake,,0.2,,,automatic,ak,ak
2019-12-17T09:17:38.960Z,36.0698333,-117.8718333,2.12,1.13,ml,12,157,0.04959,0.09,ci,ci39233032,2019-12-17T14:51:05.654Z,"7km ENE of Coso Junction, CA",earthquake,0.23,0.2,0.115,11,reviewed,ci,ci
2019-12-17T09:04:45.450Z,37.653,-118.8473333,2.22,0.76,md,8,132,0.01755,0.03,nc,nc73315686,2019-12-17T18:11:02.997Z,"12km E of Mammoth Lakes, CA",earthquake,0.49,1.12,0.346,8,reviewed,nc,nc
2019-12-17T09:04:19.690Z,35.6455,-117.4596667,8.88,0.92,ml,17,132,0.0531,0.15,ci,ci39233024,2019-12-17T14:51:04.654Z,"14km SSW of Searles Valley, CA",earthquake,0.42,0.6,0.122,10,reviewed,ci,ci
2019-12-17T09:02:22.640Z,37.6178322,-118.8441696,2.05,1.25,md,12,136,0.01392,0.03,nc,nc73315681,2019-12-17T11:03:05.483Z,"12km E of Mammoth Lakes, CA",earthquake,0.52,0.61,0.15,14,automatic,nc,nc
2019-12-17T08:56:22.970Z,19.0513,-67.754,11,2.86,md,11,318,0.7213,0.49,pr,pr2019351005,2019-12-17T09:34:58.714Z,"86km NE of Punta Cana, Dominican Republic",earthquake,17.99,26.22,0.35,11,reviewed,pr,pr
2019-12-17T08:53:49.230Z,33.5886667,-116.8138333,5.79,1,ml,44,37,0.05003,0.15,ci,ci37431749,2019-12-17T18:41:53.133Z,"14km WNW of Anza, CA",earthquake,0.14,0.38,0.098,25,reviewed,ci,ci
2019-12-17T08:53:42.980Z,34.2011667,-117.6545,7.53,1.3,ml,47,55,0.03772,0.22,ci,ci39233008,2019-12-17T18:29:07.340Z,"11km NW of Rancho Cucamonga, CA",earthquake,0.22,0.57,0.194,29,reviewed,ci,ci
2019-12-17T08:30:55.320Z,34.2245,-117.456,9.8,1.13,ml,21,111,0.05338,0.16,ci,ci39233000,2019-12-17T08:34:41.277Z,"5km W of Devore, CA",earthquake,0.39,0.58,0.186,32,automatic,ci,ci
2019-12-17T08:20:28.040Z,33.9848333,-116.981,17.51,1.21,ml,37,39,0.07242,0.24,ci,ci39232984,2019-12-17T08:24:13.874Z,"6km N of Beaumont, CA",earthquake,0.34,0.85,0.168,29,automatic,ci,ci
2019-12-17T08:10:24.590Z,35.8148333,-117.6461667,4.31,1.42,ml,23,72,0.03956,0.17,ci,ci39232976,2019-12-17T08:14:04.804Z,"22km N of Ridgecrest, CA",earthquake,0.25,0.49,0.161,21,automatic,ci,ci
2019-12-17T07:55:46.880Z,19.0186,-67.7988,24,3.34,md,12,319,0.7102,0.36,pr,pr2019351004,2019-12-17T08:19:21.136Z,"80km NE of Punta Cana, Dominican Republic",earthquake,2.74,25.02,0.33,8,reviewed,pr,pr
2019-12-17T07:51:33.569Z,61.4218,-152.2908,2,0.6,ml,,,,0.34,ak,ak019g4m3uoc,2019-12-17T07:53:58.497Z,"97km NNW of Nikiski, Alaska",earthquake,,7.5,,,automatic,ak,ak
2019-12-17T07:47:08.110Z,35.8143333,-117.6446667,4.11,0.95,ml,13,72,0.03835,0.17,ci,ci39232968,2019-12-17T15:17:29.898Z,"22km N of Ridgecrest, CA",earthquake,0.33,0.68,0.181,10,reviewed,ci,ci
2019-12-17T07:44:10.950Z,38.8165016,-122.8164978,3.18,0.57,md,8,100,0.008518,0.01,nc,nc73315666,2019-12-17T08:10:03.424Z,"7km NW of The Geysers, CA",earthquake,0.55,1.5,0.02,2,automatic,nc,nc
2019-12-17T07:42:44.696Z,63.4746,-151.1077,3,1.7,ml,,,,0.88,ak,ak019g4m1y24,2019-12-17T07:49:17.077Z,"108km W of Cantwell, Alaska",earthquake,,0.3,,,automatic,ak,ak
2019-12-17T07:36:24.873Z,55.9859,-149.8123,10.2,2.9,ml,,,,0.65,ak,ak019g4m0oi5,2019-12-17T17:00:48.868Z,"255km SE of Kodiak, Alaska",earthquake,,2.8,,,reviewed,ak,ak
2019-12-17T07:32:24.738Z,-44.4898,37.1471,10,4.8,mb,,54,13.975,1.05,us,us60006skh,2019-12-17T08:38:02.040Z,"273km N of Marion Island, Prince Edward Islands",earthquake,9.3,1.8,0.098,32,reviewed,us,us
2019-12-17T07:30:56.490Z,38.8421669,-122.8253326,1.56,0.39,md,8,95,0.01257,0.01,nc,nc73315661,2019-12-17T07:58:03.361Z,"9km WNW of Cobb, CA",earthquake,0.39,0.64,0.22,2,automatic,nc,nc
2019-12-17T07:19:17.390Z,38.8266678,-122.7900009,3.01,0.55,md,6,75,0.01173,0.04,nc,nc73315656,2019-12-17T07:46:04.295Z,"6km W of Cobb, CA",earthquake,0.7,2.15,,1,automatic,nc,nc
2019-12-17T07:18:28.370Z,38.8325005,-122.8093338,2.07,1.35,md,22,52,0.009111,0.04,nc,nc73315651,2019-12-17T10:35:03.306Z,"8km W of Cobb, CA",earthquake,0.23,0.39,0.15,7,automatic,nc,nc
2019-12-17T07:13:46.300Z,39.4135,-110.3056667,-1.75,2.05,ml,16,116,0.0184,0.26,uu,uu60354737,2019-12-17T17:10:54.540Z,"17km SSE of East Carbon City, Utah",earthquake,0.65,0.79,0.01,2,reviewed,uu,uu
2019-12-17T07:10:02.670Z,35.7176667,-117.5705,7.01,0.97,ml,14,124,0.09543,0.17,ci,ci39232952,2019-12-17T15:17:44.901Z,"14km NE of Ridgecrest, CA",earthquake,0.41,0.89,0.098,11,reviewed,ci,ci
2019-12-17T07:06:34.630Z,44.3973333,-111.1355,15.82,0.89,md,10,157,0.2097,0.18,uu,uu60354732,2019-12-17T15:41:24.630Z,"25km WSW of Old Faithful Geyser, Wyoming",earthquake,0.84,1.99,0.233,6,reviewed,uu,uu
2019-12-17T06:57:45.240Z,35.7165,-117.5738333,4.33,3.61,ml,48,47,0.09433,0.18,ci,ci39232936,2019-12-17T19:00:19.709Z,"14km NE of Ridgecrest, CA",earthquake,0.15,0.43,0.144,124,reviewed,ci,ci
2019-12-17T06:57:29.950Z,38.3665009,-122.1600037,0.04,2.5,md,5,156,0.1031,0.08,nc,nc73315641,2019-12-17T09:53:03.051Z,"13km N of Green Valley, CA",earthquake,0.61,3.78,0.05,5,automatic,nc,nc
2019-12-17T06:53:31.382Z,-6.2549,130.2224,157.76,4.3,mb,,70,2.021,1.26,us,us60006sk7,2019-12-17T07:59:52.040Z,"223km NNW of Saumlaki, Indonesia",earthquake,9.5,11,0.119,20,reviewed,us,us
2019-12-17T06:50:37.343Z,63.4925,-151.1092,4.6,1.9,ml,,,,0.72,ak,ak019g4li7ko,2019-12-17T06:55:54.339Z,"108km W of Cantwell, Alaska",earthquake,,0.2,,,automatic,ak,ak
2019-12-17T06:47:27.807Z,63.5843,-150.9738,11.8,2.6,ml,,,,0.72,ak,ak019g4lhjjb,2019-12-17T07:00:05.667Z,"103km WSW of Healy, Alaska",earthquake,,0.2,,,automatic,ak,ak
2019-12-17T06:45:19.858Z,18.817,147.09,51.92,4.9,mb,,83,3.767,0.54,us,us60006sk8,2019-12-17T07:13:45.040Z,"150km E of Agrihan, Northern Mariana Islands",earthquake,8,6.6,0.054,127,reviewed,us,us
2019-12-17T06:40:46.173Z,63.5856,-147.2768,0.1,1.9,ml,,,,0.64,ak,ak019g4lg360,2019-12-17T06:47:40.495Z,"86km ENE of Cantwell, Alaska",earthquake,,0.3,,,automatic,ak,ak
2019-12-17T06:34:42.310Z,33.7018333,-116.7198333,17.18,0.85,ml,25,60,0.01044,0.23,ci,ci39232928,2019-12-17T06:38:24.199Z,"4km S of Idyllwild, CA",earthquake,0.44,0.63,0.166,19,automatic,ci,ci
2019-12-17T06:24:42.000Z,19.249,-67.6886,46,2.88,md,7,331,0.9716,0.32,pr,pr2019351041,2019-12-17T19:02:24.517Z,"104km NW of San Antonio, Puerto Rico",earthquake,4.059,19.65,0.19,7,reviewed,pr,pr
2019-12-17T06:21:18.013Z,68.817,-146.1956,0,3.2,ml,,,,0.81,ak,ak019g4lbydx,2019-12-17T06:34:36.732Z,"81km NNW of Arctic Village, Alaska",earthquake,,0.7,,,automatic,ak,ak
2019-12-17T06:19:56.830Z,38.8025017,-122.7773361,2.97,0.55,md,7,91,0.01506,0.01,nc,nc73315636,2019-12-17T06:47:02.954Z,"3km NNW of The Geysers, CA",earthquake,0.83,2.72,,1,automatic,nc,nc
2019-12-17T06:07:17.303Z,6.618,125.1816,10,4.9,mb,,74,0.597,1.06,us,us60006sjw,2019-12-17T07:24:30.851Z,"6km W of Kiblawan, Philippines",earthquake,5,1.9,0.074,75,reviewed,us,us
2019-12-17T06:05:39.510Z,19.1831665,-155.485672,33.7,2.07,md,20,198,0.06608,0.19,hv,hv71281806,2019-12-17T06:08:57.120Z,"2km SSW of Pahala, Hawaii",earthquake,1.08,1.02,0.19,3,automatic,hv,hv
2019-12-17T05:56:33.578Z,61.4884,-146.5114,27.4,1.8,ml,,,,0.87,ak,ak019g4ky20w,2019-12-17T06:01:27.443Z,"40km NNW of Valdez, Alaska",earthquake,,0.2,,,automatic,ak,ak
2019-12-17T05:54:50.425Z,60.3392,-139.6387,0,2.9,ml,,,,0.65,ak,ak019g4kxnxu,2019-12-17T06:07:38.991Z,"88km N of Yakutat, Alaska",earthquake,,0.3,,,automatic,ak,ak
2019-12-17T05:54:04.680Z,19.069,-67.5891,30,2.83,md,9,326,0.6933,0.26,pr,pr2019351038,2019-12-17T18:37:35.702Z,"82km NW of San Antonio, Puerto Rico",earthquake,2.02,16.56,0.21,8,reviewed,pr,pr
2019-12-17T05:48:23.460Z,19.1378,-67.2046,10,2.89,md,5,336,0.6768,0.28,pr,pr2019351036,2019-12-17T18:36:01.886Z,"72km N of San Antonio, Puerto Rico",earthquake,3.37,31.61,0.12,5,reviewed,pr,pr
2019-12-17T05:47:44.820Z,35.87,-117.6746667,11.62,0.89,ml,13,88,0.0802,0.14,ci,ci39232920,2019-12-17T05:51:32.601Z,"22km ESE of Little Lake, CA",earthquake,0.34,0.74,0.125,9,automatic,ci,ci
2019-12-17T05:46:03.300Z,19.1883335,-155.4563293,35.69,1.89,md,30,123,0.0332,0.14,hv,hv71281791,2019-12-17T05:49:23.290Z,"3km SE of Pahala, Hawaii",earthquake,0.83,1.21,0.1,3,automatic,hv,hv
2019-12-17T05:44:07.510Z,19.1615,-67.1423,46,2.68,md,3,357,0.9874,0.17,pr,pr2019351035,2019-12-17T18:11:49.176Z,"74km N of Isabela, Puerto Rico",earthquake,12.68,14.27,0.11,3,reviewed,pr,pr
2019-12-17T05:39:57.910Z,19.2193,-68.0288,45,2.77,md,5,335,1.1862,0.28,pr,pr2019351033,2019-12-17T17:49:22.810Z,"80km NNE of Punta Cana, Dominican Republic",earthquake,3.37,19.67,0.37,4,reviewed,pr,pr
2019-12-17T05:35:07.300Z,33.7688333,-115.9583333,2.64,1.47,ml,22,110,0.1162,0.22,ci,ci39232912,2019-12-17T15:18:32.905Z,"22km NE of Thermal, CA",earthquake,0.38,0.79,0.144,29,reviewed,ci,ci
2019-12-17T05:32:05.710Z,19.0828,-67.2906,41,3.07,md,6,320,0.6409,0.57,pr,pr2019351030,2019-12-17T16:55:43.693Z,"68km NNW of San Antonio, Puerto Rico",earthquake,3.84,12.78,0.19,6,reviewed,pr,pr
2019-12-17T05:28:37.570Z,19.3398,-67.2895,27,3.25,md,14,300,0.8903,0.45,pr,pr2019351003,2019-12-17T05:56:33.377Z,"95km NNW of San Antonio, Puerto Rico",earthquake,2.14,28.5,0.37,12,reviewed,pr,pr
2019-12-17T05:22:57.840Z,34.1866667,-117.6521667,6.81,1.14,ml,32,52,0.0523,0.17,ci,ci39232904,2019-12-17T17:26:24.753Z,"10km NW of Rancho Cucamonga, CA",earthquake,0.21,0.44,0.118,20,reviewed,ci,ci
2019-12-17T05:15:55.020Z,35.6096667,-117.4881667,8.06,0.97,ml,14,111,0.01068,0.19,ci,ci39232896,2019-12-17T05:19:37.724Z,"17km E of Ridgecrest, CA",earthquake,0.77,0.64,0.201,11,automatic,ci,ci
2019-12-17T05:13:26.160Z,36.4785,-89.5655,9.43,1.22,md,20,58,0.05786,0.04,nm,nm60271112,2019-12-17T14:24:07.100Z,"12km SSW of New Madrid, Missouri",earthquake,0.47,0.76,0.08,11,reviewed,nm,nm
2019-12-17T05:12:34.148Z,59.8477,-152.9642,75.8,2.1,ml,,,,0.82,ak,ak019g4komne,2019-12-17T05:17:47.961Z,"64km W of Anchor Point, Alaska",earthquake,,0.9,,,automatic,ak,ak
2019-12-17T05:11:47.662Z,39.1416,-119.7137,8.9,0.4,ml,4,138.74,0.017,0.1869,nn,nn00713121,2019-12-17T17:38:44.888Z,"5km ESE of Carson City, Nevada",earthquake,,4.6,0,1,reviewed,nn,nn
2019-12-17T05:06:36.771Z,59.8014,-151.2565,42.2,1.9,ml,,,,0.4,ak,ak019g4knbxr,2019-12-17T16:04:29.499Z,"7km NNE of Fritz Creek, Alaska",earthquake,,0.3,,,reviewed,ak,ak
2019-12-17T04:57:16.610Z,19.1566,-67.5586,45,2.82,md,7,327,0.8216,0.16,pr,pr2019351040,2019-12-17T18:41:36.662Z,"88km NNW of San Antonio, Puerto Rico",earthquake,1.94,8.34,0.22,7,reviewed,pr,pr
2019-12-17T04:56:25.690Z,19.3606,-67.152,38,2.57,md,4,357,0.894,0.26,pr,pr2019351037,2019-12-17T18:28:07.790Z,"96km N of Isabela, Puerto Rico",earthquake,14.96,13.71,0.14,4,reviewed,pr,pr
2019-12-17T04:52:09.029Z,35.652,-97.084,6.39,1.12,ml,18,91,0.09268181267,0.1,ok,ok2019ypvs,2019-12-17T20:06:19.487Z,"10km E of Luther, Oklahoma",earthquake,,0.4,0.19,5,reviewed,ok,ok
2019-12-17T04:49:54.954Z,37.4938,-117.9083,6.8,0.9,ml,4,284.15,0.136,0.0486,nn,nn00713120,2019-12-17T17:35:38.209Z,"45km ENE of Bishop, California",earthquake,,15.8,0.43,3,reviewed,nn,nn
2019-12-17T04:45:42.825Z,57.2611,-155.4239,29.5,2.4,ml,,,,0.61,ak,ak019g4kaaa1,2019-12-17T04:58:13.089Z,"92km WSW of Larsen Bay, Alaska",earthquake,,1.3,,,automatic,ak,ak
2019-12-17T04:43:16.060Z,17.9263,-67.1721,14,1.2,md,3,308,0.1016,0.03,pr,pr2019351034,2019-12-17T17:55:29.465Z,"5km SSE of Pole Ojea, Puerto Rico",earthquake,0.98,0.75,0.26,3,reviewed,pr,pr
2019-12-17T04:40:01.070Z,19.0635,-67.6215,13,2.38,md,6,326,0.7846,0.36,pr,pr2019351029,2019-12-17T16:49:19.770Z,"83km NW of San Antonio, Puerto Rico",earthquake,16.43,23.03,0.24,4,reviewed,pr,pr
2019-12-17T04:37:27.270Z,17.9248,-67.1751,14,1.74,md,3,308,0.1046,0.07,pr,pr2019351031,2019-12-17T17:19:11.307Z,"5km S of Pole Ojea, Puerto Rico",earthquake,1.18,0.96,0.16,3,reviewed,pr,pr
2019-12-17T04:37:23.160Z,19.3411674,-155.1315002,0.14,2.04,ml,44,122,0.05219,0.18,hv,hv71281746,2019-12-17T04:43:04.160Z,"14km SE of Volcano, Hawaii",earthquake,0.42,0.21,0.42,4,automatic,hv,hv
2019-12-17T04:36:07.629Z,62.8061,-148.8131,27.2,3.1,ml,,,,0.77,ak,ak019g4k8a4t,2019-12-17T05:24:11.040Z,"65km S of Cantwell, Alaska",earthquake,,0.5,,,automatic,ak,ak
2019-12-17T04:27:25.440Z,35.907,-117.7363333,10.21,0.8,ml,17,53,0.07842,0.16,ci,ci39232864,2019-12-17T04:30:59.223Z,"16km ESE of Little Lake, CA",earthquake,0.29,0.58,0.253,10,automatic,ci,ci
2019-12-17T04:25:19.420Z,38.8408318,-122.8239975,1.8,1.58,md,22,67,0.01382,0.03,nc,nc73315621,2019-12-17T05:47:03.601Z,"9km WNW of Cobb, CA",earthquake,0.2,0.36,0.13,9,automatic,nc,nc
2019-12-17T04:25:14.910Z,38.8391685,-122.8249969,1.95,1.91,md,13,90,0.01552,0.04,nc,nc73315616,2019-12-17T09:11:03.798Z,"9km WNW of Cobb, CA",earthquake,0.31,0.49,0.13,5,automatic,nc,nc
2019-12-17T04:21:58.670Z,19.0803,-67.865,10,3.27,md,13,322,0.7957,0.5,pr,pr2019351002,2019-12-17T04:54:22.749Z,"79km NE of Punta Cana, Dominican Republic",earthquake,3.56,31.61,0.19,9,reviewed,pr,pr
2019-12-17T04:18:28.350Z,19.2876,-67.671,36,2.84,md,8,330,0.9929,0.34,pr,pr2019351026,2019-12-17T16:01:43.545Z,"106km NW of San Antonio, Puerto Rico",earthquake,2.85,21.04,0.29,8,reviewed,pr,pr
2019-12-17T04:13:29.470Z,40.5046654,-124.329834,22.36,1.68,md,7,273,0.02965,0.03,nc,nc73315606,2019-12-17T08:43:02.626Z,"10km SW of Ferndale, CA",earthquake,2.68,2.51,0.08,4,automatic,nc,nc
2019-12-17T03:59:13.330Z,19.2925,-67.2745,49,2.89,md,10,297,0.841,0.3,pr,pr2019351048,2019-12-17T20:48:00.990Z,"90km NNW of San Antonio, Puerto Rico",earthquake,2.55,8.89,0.43,10,reviewed,pr,pr
2019-12-17T03:48:43.710Z,19.521,-155.6663333,4.84,2.55,ml,47,41,0.03814,0.12,hv,hv71281701,2019-12-17T04:10:10.450Z,"22km ENE of Honaunau-Napoopoo, Hawaii",earthquake,0.26,0.43,0.118,26,reviewed,hv,hv
2019-12-17T03:39:08.996Z,64.4911,-150.3678,4.9,1.6,ml,,,,0.9,ak,ak019g4jnhrh,2019-12-17T03:52:06.680Z,"58km SSE of Manley Hot Springs, Alaska",earthquake,,0.3,,,automatic,ak,ak
2019-12-17T03:36:15.692Z,38.3742,-118.856,13.5,0.9,ml,4,291.78,0.302,0.0149,nn,nn00713119,2019-12-17T17:32:32.784Z,"26km SW of Hawthorne, Nevada",earthquake,,21.7,0.12,2,reviewed,nn,nn
2019-12-17T03:35:56.190Z,37.7384987,-121.9278336,8.06,1.92,md,21,77,0.1224,0.08,nc,nc73315596,2019-12-17T15:33:36.720Z,"4km N of Dublin, CA",earthquake,0.3,0.71,0.16,15,automatic,nc,nc
2019-12-17T03:28:23.500Z,17.8901,-66.5806,13,2.07,md,5,290,0.1548,0.13,pr,pr2019351047,2019-12-17T20:20:01.127Z,"13km SSE of Ponce, Puerto Rico",earthquake,1.08,0.7,0.23,5,reviewed,pr,pr
2019-12-17T03:27:57.120Z,37.6346667,-118.8831667,-0.2,0.92,md,11,93,0.01456,0.04,nc,nc73315591,2019-12-17T18:01:02.936Z,"8km E of Mammoth Lakes, CA",earthquake,0.27,0.33,0.61,9,reviewed,nc,nc
2019-12-17T03:27:38.320Z,17.9011,-66.6036,13,1.95,md,8,230,0.1417,0.15,pr,pr2019351046,2019-12-17T20:19:46.831Z,"12km S of Ponce, Puerto Rico",earthquake,0.78,0.57,0.27,7,reviewed,pr,pr
2019-12-17T03:26:18.650Z,38.8126678,-122.8150024,2.91,0.89,md,23,52,0.01138,0.03,nc,nc73315586,2019-12-17T03:34:03.835Z,"6km NW of The Geysers, CA",earthquake,0.22,0.39,0.06,4,automatic,nc,nc
2019-12-17T03:16:20.120Z,36.1096667,-117.852,3.55,1.13,ml,13,119,0.008229,0.15,ci,ci39232848,2019-12-17T15:19:34.912Z,"11km NE of Coso Junction, CA",earthquake,0.36,0.5,0.199,15,reviewed,ci,ci
2019-12-17T03:09:02.370Z,35.26,-97.8725,7.66,1.61,ml,13,85,0.0863830487,0.23,ok,ok2019ypsi,2019-12-17T20:22:51.884Z,"6km WSW of Tuttle, Oklahoma",earthquake,,1.1,0.27,2,reviewed,ok,ok
2019-12-17T03:03:37.482Z,62.1543,-149.684,35,2.4,ml,,,,0.66,ak,ak019g4jfu5r,2019-12-17T03:17:18.811Z,"8km E of Y, Alaska",earthquake,,4.8,,,automatic,ak,ak
2019-12-17T02:57:58.960Z,39.4088333,-110.2936667,-3,1.84,ml,13,203,0.02873,0.16,uu,uu60354627,2019-12-17T15:16:40.960Z,"18km SE of East Carbon City, Utah",earthquake,0.61,1.4,0.017,2,reviewed,uu,uu
2019-12-17T02:49:54.880Z,19.182,-67.1421,26,2.75,md,4,357,0.7152,0.18,pr,pr2019351045,2019-12-17T19:57:32.833Z,"76km N of Isabela, Puerto Rico",earthquake,13.01,14.41,0.2,3,reviewed,pr,pr
2019-12-17T02:49:22.368Z,63.1996,-151.2362,2.8,2.4,ml,,,,0.88,ak,ak019g4j48ej,2019-12-17T03:01:23.494Z,"113km NNW of Talkeetna, Alaska",earthquake,,0.2,,,automatic,ak,ak
2019-12-17T02:48:37.444Z,58.2499,158.9255,14.61,4.4,mb,,169,4.432,0.81,us,us60006sii,2019-12-17T03:16:51.040Z,"52km NNE of Tigil', Russia",earthquake,15.8,6,0.098,30,reviewed,us,us
2019-12-17T02:44:01.910Z,17.8998,-66.5895,12,2.06,md,6,286,0.144,0.15,pr,pr2019351044,2019-12-17T19:57:15.657Z,"12km SSE of Ponce, Puerto Rico",earthquake,1.04,0.71,0.29,5,reviewed,pr,pr
2019-12-17T02:35:46.520Z,19.1873,-67.267,33,2.79,md,3,358,1.0276,0.24,pr,pr2019351043,2019-12-17T19:31:52.842Z,"78km NNW of San Antonio, Puerto Rico",earthquake,14.75,16.96,0.19,3,reviewed,pr,pr
2019-12-17T02:34:07.560Z,19.448,-67.2231,35,2.96,md,7,328,0.9868,0.28,pr,pr2019351042,2019-12-17T19:31:39.995Z,"106km N of Isabela, Puerto Rico",earthquake,2.51,19.01,0.07,5,reviewed,pr,pr
2019-12-17T02:25:58.310Z,19.1288,-67.662,10,2.73,md,5,335,0.7665,0.37,pr,pr2019351039,2019-12-17T18:49:41.893Z,"92km NW of San Antonio, Puerto Rico",earthquake,17.87,25.99,0,3,reviewed,pr,pr
2019-12-17T02:25:05.670Z,18.9965,-67.6155,25,2.84,md,5,335,0.7309,0.25,pr,pr2019351028,2019-12-17T18:48:26.245Z,"78km NW of San Antonio, Puerto Rico",earthquake,2.81,17.93,0.06,4,reviewed,pr,pr
2019-12-17T02:21:39.500Z,19.1903,-66.9571,54,2.79,md,3,356,1.0226,0.17,pr,pr2019351025,2019-12-17T18:47:52.662Z,"76km N of Isabela, Puerto Rico",earthquake,9.48,8.57,0.13,2,reviewed,pr,pr
2019-12-17T02:18:10.710Z,47.8291666666667,-119.244666666667,0.18,0.89,ml,11,98,,0.25,uw,uw61564276,2019-12-17T18:12:41.150Z,"25km SW of Coulee Dam, Washington",earthquake,0.45,18.9,0.0523308965920518,5,reviewed,uw,uw
2019-12-17T02:15:28.193Z,60.6012,-152.2971,104.9,4.2,ml,,,,0.43,ak,ak019g4iwye2,2019-12-17T20:00:47.040Z,"29km ENE of Redoubt Volcano, Alaska",earthquake,,0.2,,,reviewed,ak,ak
2019-12-17T02:12:03.780Z,17.8486,-66.9188,8,1.76,md,3,337,0.1742,0.15,pr,pr2019351022,2019-12-17T18:43:58.653Z,"13km S of Guanica, Puerto Rico",earthquake,1.92,12.83,0.08,2,reviewed,pr,pr
2019-12-17T02:11:30.584Z,2.0073,98.9854,127.37,4.3,mb,,102,1.573,0.5,us,us60006si6,2019-12-17T02:37:11.040Z,"37km NE of Sibolga, Indonesia",earthquake,8.3,9.2,0.111,23,reviewed,us,us
2019-12-17T02:09:30.060Z,17.891,-67.5195,30,2.4,md,5,284,0.4258,0.44,pr,pr2019351021,2019-12-17T18:43:38.934Z,"36km WSW of Pole Ojea, Puerto Rico",earthquake,3.09,7.11,0.21,3,reviewed,pr,pr
2019-12-17T02:09:28.172Z,56.5377,-148.3182,11.8,3.1,ml,,,,0.56,ak,ak019g4ivnsx,2019-12-17T02:59:42.390Z,"283km ESE of Kodiak, Alaska",earthquake,,3.7,,,reviewed,ak,ak
2019-12-17T02:06:51.860Z,64.3998,-145.9318,19.8,1.8,ml,,,,0.63,ak,ak019g4iv2ua,2019-12-17T02:15:07.626Z,"41km NNW of Delta Junction, Alaska",earthquake,,0.5,,,automatic,ak,ak
2019-12-17T02:04:05.322Z,-23.4153,-179.9663,542.41,5.1,mb,,63,5.938,0.87,us,us60006shv,2019-12-17T02:19:13.040Z,"South of the Fiji Islands",earthquake,11.1,8.9,0.091,39,reviewed,us,us
2019-12-17T02:03:51.760Z,38.7816658,-122.7558365,1.58,0.4,md,8,109,0.0134,0.01,nc,nc73315561,2019-12-17T02:05:25.530Z,"0km N of The Geysers, CA",earthquake,0.55,0.67,0.17,2,automatic,nc,nc
2019-12-17T02:02:40.660Z,18.9878,-67.1665,62,2.86,md,3,357,0.5232,0.25,pr,pr2019351027,2019-12-17T18:31:59.630Z,"55km NNW of Isabela, Puerto Rico",earthquake,18.34,3.52,0.06,3,reviewed,pr,pr
2019-12-17T02:00:30.060Z,19.2008,-66.3118,11,2.81,md,3,343,1.0847,0.24,pr,pr2019351023,2019-12-17T15:35:32.890Z,"81km N of Brenas, Puerto Rico",earthquake,12.4,17.8,0.31,3,reviewed,pr,pr
2019-12-17T01:57:32.400Z,38.8240013,-122.7874985,0.44,0.85,md,19,43,0.01456,0.03,nc,nc73315556,2019-12-17T01:59:12.257Z,"6km W of Cobb, CA",earthquake,0.18,0.38,0.14,4,automatic,nc,nc
2019-12-17T01:39:19.858Z,61.5247,-149.7591,29.5,1.6,ml,,,,0.33,ak,ak019g4igndz,2019-12-17T01:42:51.343Z,"8km W of Knik-Fairview, Alaska",earthquake,,0.6,,,automatic,ak,ak
2019-12-17T01:33:06.500Z,19.332,-66.7808,19,2.81,md,3,350,0.9255,0.2,pr,pr2019351020,2019-12-17T14:22:28.711Z,"93km N of Hatillo, Puerto Rico",earthquake,8.31,17.01,0.16,3,reviewed,pr,pr
2019-12-17T01:31:42.710Z,37.35,-113.4201667,-0.08,1.54,md,10,77,0.2054,0.24,uu,uu60354592,2019-12-17T15:09:56.900Z,"16km NW of Toquerville, Utah",earthquake,0.77,1.68,0.228,6,reviewed,uu,uu
2019-12-17T01:25:36.500Z,19.1375,-67.866,26,3.07,md,14,322,0.8466,0.5,pr,pr2019351001,2019-12-17T02:22:08.040Z,"73km NW of San Antonio, Puerto Rico",earthquake,3.46,32.65,0.42,14,reviewed,pr,pr
2019-12-17T01:24:04.140Z,19.3065,-67.2471,27,2.95,md,5,339,0.8499,0.29,pr,pr2019351018,2019-12-17T13:54:26.537Z,"91km N of San Antonio, Puerto Rico",earthquake,3.93,19.79,0,5,reviewed,pr,pr
2019-12-17T01:16:47.490Z,19.302,-67.2286,18,3.1,md,9,304,0.8427,0.28,pr,pr2019351017,2019-12-17T13:25:42.579Z,"90km N of San Antonio, Puerto Rico",earthquake,7.85,16.03,0.2,7,reviewed,pr,pr
2019-12-17T01:12:46.840Z,35.5461667,-117.3556667,6.95,1.47,ml,16,145,0.02237,0.16,ci,ci39232800,2019-12-17T01:16:21.297Z,"24km S of Trona, CA",earthquake,0.41,0.49,0.189,15,automatic,ci,ci
2019-12-17T01:12:27.100Z,19.184,-67.7375,29,3.01,md,11,326,0.8403,0.41,pr,pr2019351014,2019-12-17T12:27:37.439Z,"96km NE of Punta Cana, Dominican Republic",earthquake,2.38,26.44,0.39,9,reviewed,pr,pr
2019-12-17T01:08:03.260Z,19.258,-67.7498,34,2.85,md,9,332,0.9145,0.3,pr,pr2019351012,2019-12-17T11:49:49.273Z,"101km NE of Punta Cana, Dominican Republic",earthquake,2.64,19.88,0.33,9,reviewed,pr,pr
2019-12-17T01:07:29.269Z,36.762,-98.07116667,7.59,2.59,ml,53,89,0,0.14,ok,ok2019ypoh,2019-12-17T14:12:03.129Z,"25km E of Cherokee, Oklahoma",earthquake,,0.4,0.19,21,reviewed,ok,ok
2019-12-17T01:07:05.500Z,19.109,-67.2401,17,2.5,md,4,336,0.6543,0.09,pr,pr2019351011,2019-12-17T11:49:31.385Z,"69km NNW of San Antonio, Puerto Rico",earthquake,5.05,10.17,0.31,4,reviewed,pr,pr
2019-12-17T01:02:19.030Z,19.1471,-67.9261,24,2.71,md,14,325,0.884,0.42,pr,pr2019351000,2019-12-17T01:32:37.714Z,"80km NE of Punta Cana, Dominican Republic",earthquake,2.85,32.15,0.33,10,reviewed,pr,pr
2019-12-17T00:59:00.786Z,64.9383,-147.316,0,1.4,ml,,,,0.88,ak,ak019g4hzgoo,2019-12-17T01:11:05.169Z,"18km NNE of Badger, Alaska",earthquake,,2.1,,,automatic,ak,ak
2019-12-17T00:50:19.390Z,36.52433333,-98.9875,7.92,1.09,ml,21,143,0.04769064147,0.06,ok,ok2019ypnt,2019-12-17T20:31:00.900Z,"21km ENE of Mooreland, Oklahoma",earthquake,,0.2,0.21,7,reviewed,ok,ok
2019-12-17T00:44:52.810Z,18.9761,-67.2801,43,2.69,md,4,352,0.5359,0.21,pr,pr2019351008,2019-12-17T11:10:29.500Z,"56km NNW of San Antonio, Puerto Rico",earthquake,14.18,5.07,0.21,3,reviewed,pr,pr
2019-12-17T00:38:05.820Z,19.3813,-67.3448,17,2.86,md,3,328,0.9432,0.23,pr,pr2019351006,2019-12-17T10:40:00.198Z,"101km NNW of San Antonio, Puerto Rico",earthquake,9.33,18.58,0.07,3,reviewed,pr,pr
2019-12-17T00:34:35.815Z,61.5807,-151.8113,82.9,2.2,ml,,,,0.52,ak,ak019g4hu6gx,2019-12-17T00:40:38.912Z,"95km W of Willow, Alaska",earthquake,,1.1,,,automatic,ak,ak
2019-12-17T00:31:27.410Z,19.2115,-67.7623,10,2.76,md,8,322,0.8742,0.51,pr,pr2019351019,2019-12-17T14:10:53.832Z,"97km NE of Punta Cana, Dominican Republic",earthquake,3.89,31.61,0.4,8,reviewed,pr,pr
2019-12-17T00:24:51.940Z,35.6241667,-117.4241667,4.95,1.54,ml,26,55,0.04872,0.16,ci,ci39232768,2019-12-17T15:20:40.190Z,"16km S of Searles Valley, CA",earthquake,0.31,0.5,0.166,23,reviewed,ci,ci
2019-12-17T00:19:16.220Z,19.1931,-67.3053,14,3.04,md,8,295,0.7511,0.39,pr,pr2019351016,2019-12-17T13:05:39.572Z,"80km NNW of San Antonio, Puerto Rico",earthquake,7.24,14.37,0.34,8,reviewed,pr,pr
2019-12-17T00:18:16.710Z,17.8188,-66.5845,13,1.98,md,3,342,0.4838,0.04,pr,pr2019351015,2019-12-17T12:46:49.589Z,"21km S of Ponce, Puerto Rico",earthquake,3.65,8.18,0.22,3,reviewed,pr,pr
2019-12-17T00:14:47.250Z,19.0631,-67.4158,31,2.73,md,5,334,0.669,0.15,pr,pr2019351013,2019-12-17T12:08:06.416Z,"71km NNW of San Antonio, Puerto Rico",earthquake,1.89,7.52,0.08,5,reviewed,pr,pr
2019-12-17T00:13:09.230Z,19.2418,-67.6001,38,2.81,md,4,328,0.9157,0.32,pr,pr2019351009,2019-12-17T12:03:20.648Z,"98km NNW of San Antonio, Puerto Rico",earthquake,2.96,20.67,0.18,4,reviewed,pr,pr
2019-12-17T00:10:54.500Z,19.1948,-67.6168,15,2.93,md,6,325,0.822,0.37,pr,pr2019351007,2019-12-17T11:02:11.140Z,"95km NW of San Antonio, Puerto Rico",earthquake,13.31,27.43,0.16,5,reviewed,pr,pr
2019-12-16T23:59:30.160Z,19.2083,-67.5433,10,3.06,md,5,338,0.8576,0.37,pr,pr2019350040,2019-12-17T18:34:18.886Z,"92km NNW of San Antonio, Puerto Rico",earthquake,17.94,25.66,0.12,4,reviewed,pr,pr
2019-12-16T23:56:53.140Z,38.8171654,-122.8099976,1.51,0.78,md,16,48,0.006221,0.02,nc,nc73315546,2019-12-17T00:13:03.082Z,"6km NW of The Geysers, CA",earthquake,0.22,0.42,0.1,3,automatic,nc,nc
2019-12-16T23:55:46.380Z,19.3463,-67.2473,32,3.17,md,8,307,0.8893,0.46,pr,pr2019350039,2019-12-17T13:20:56.131Z,"95km N of San Antonio, Puerto Rico",earthquake,2.84,21.6,0.27,8,reviewed,pr,pr
2019-12-16T23:55:23.230Z,38.8195,-122.8106689,1.89,2.54,md,8,93,0.003917,0.01,nc,nc73315541,2019-12-17T07:28:51.876Z,"7km NW of The Geysers, CA",earthquake,0.41,1.08,0.8,3,automatic,nc,nc
2019-12-16T23:51:31.180Z,19.0961,-67.6506,25,3.02,md,9,328,0.732,0.32,pr,pr2019350038,2019-12-17T13:19:24.507Z,"88km NW of San Antonio, Puerto Rico",earthquake,2.54,21.93,0.26,9,reviewed,pr,pr
2019-12-16T23:49:11.680Z,19.158,-67.8593,10,3.22,md,14,322,0.8619,0.57,pr,pr2019350021,2019-12-17T00:17:19.040Z,"95km NE of Punta Cana, Dominican Republic",earthquake,3.36,31.61,0.23,10,reviewed,pr,pr
2019-12-16T23:47:11.850Z,62.2175,-151.0599,77.4,2,ml,,,,0.62,ak,ak019g382jc2,2019-12-16T23:52:09.951Z,"50km WSW of Talkeetna, Alaska",earthquake,,0.8,,,automatic,ak,ak
2019-12-16T23:44:22.670Z,38.7936668,-122.783165,3.54,1.73,md,30,78,0.003746,0.04,nc,nc73315536,2019-12-17T03:02:02.637Z,"3km NW of The Geysers, CA",earthquake,0.24,0.42,0.2,9,automatic,nc,nc
2019-12-16T23:42:29.341Z,61.7093,-150.0651,43.3,1.8,ml,,,,0.7,ak,ak019g381i32,2019-12-16T23:46:47.249Z,"4km SSW of Willow, Alaska",earthquake,,0.4,,,automatic,ak,ak
2019-12-16T23:41:19.290Z,19.1095,-67.8203,36,3.09,md,7,331,0.9565,0.46,pr,pr2019350037,2019-12-17T09:29:16.891Z,"84km NE of Punta Cana, Dominican Republic",earthquake,3.93,28.83,0.13,5,reviewed,pr,pr
2019-12-16T23:38:33.940Z,17.8238,-67.2715,40,2.27,md,3,330,0.244,0.23,pr,pr2019350036,2019-12-17T09:28:24.587Z,"19km SSW of Pole Ojea, Puerto Rico",earthquake,7.66,5.03,0.21,2,reviewed,pr,pr
2019-12-16T23:21:37.350Z,19.1145,-67.7865,28,3.14,md,9,318,0.7921,0.53,pr,pr2019350033,2019-12-17T09:44:33.626Z,"87km NE of Punta Cana, Dominican Republic",earthquake,4.14,32.93,0.44,7,reviewed,pr,pr
2019-12-16T23:20:38.100Z,19.4425,-66.9238,55,2.88,md,3,357,1.277,0.47,pr,pr2019350032,2019-12-17T09:43:13.690Z,"104km N of Isabela, Puerto Rico",earthquake,24.89,26.43,0,1,reviewed,pr,pr
2019-12-16T23:15:04.330Z,19.2178,-66.8575,15,2.73,md,3,357,1.0667,0.12,pr,pr2019350030,2019-12-17T09:41:05.420Z,"81km NNE of Isabela, Puerto Rico",earthquake,9.69,11.83,0,1,reviewed,pr,pr
2019-12-16T23:12:27.320Z,18.596,-67.0493,14,2.57,md,3,353,0.4218,0.11,pr,pr2019350028,2019-12-17T09:32:22.803Z,"10km NNW of Isabela, Puerto Rico",earthquake,4.98,12.21,0,1,reviewed,pr,pr
2019-12-16T23:12:14.010Z,49.353,-120.476833333333,-0.51,2.13,ml,6,261,,0.04,uw,uw61564236,2019-12-17T18:16:02.110Z,"11km SSE of Princeton, Canada",explosion,0.87,31.61,0.114860718895111,7,reviewed,uw,uw
2019-12-16T23:07:08.200Z,19.1943,-67.6036,10,2.86,md,7,328,0.8779,0.6,pr,pr2019350035,2019-12-17T07:49:11.769Z,"94km NW of San Antonio, Puerto Rico",earthquake,4.48,31.61,0.32,6,reviewed,pr,pr
2019-12-16T23:03:01.510Z,19.269,-67.3033,58,2.49,md,8,305,0.8242,0.21,pr,pr2019350034,2019-12-17T07:48:58.273Z,"88km NNW of San Antonio, Puerto Rico",earthquake,2.5,6.94,0.14,4,reviewed,pr,pr
2019-12-16T23:00:16.100Z,36.243,-89.5058333,7.6,1.87,md,20,54,0.01363,0.05,nm,nm60271077,2019-12-17T14:40:10.280Z,"2km SW of Ridgely, Tennessee",earthquake,0.33,0.6,0.085,16,reviewed,nm,nm
2019-12-16T22:53:42.640Z,19.0251,-67.8828,22,3.09,md,9,327,0.7572,0.15,pr,pr2019350031,2019-12-17T06:54:45.493Z,"73km NE of Punta Cana, Dominican Republic",earthquake,2.1,14.74,0.24,8,reviewed,pr,pr
2019-12-16T22:52:57.890Z,19.1886,-67.975,22,2.75,md,8,330,0.9447,0.4,pr,pr2019350029,2019-12-17T06:54:26.109Z,"80km NNE of Punta Cana, Dominican Republic",earthquake,4.86,33.8,0.01,3,reviewed,pr,pr
2019-12-16T22:52:57.765Z,58.4828,-154.2246,92.9,2.5,ml,,,,0.34,ak,ak019g37i9vs,2019-12-16T23:06:08.499Z,"106km N of Larsen Bay, Alaska",earthquake,,0.8,,,automatic,ak,ak
2019-12-16T22:52:47.200Z,33.5485,-116.6746667,8.8,0.92,ml,37,45,0.04105,0.2,ci,ci39232680,2019-12-17T15:20:43.510Z,"1km S of Anza, CA",earthquake,0.25,0.5,0.132,27,reviewed,ci,ci
2019-12-16T22:49:31.470Z,38.1246667,-122.1853333,-0.07,1.13,md,13,88,0.02855,0.15,nc,nc73315511,2019-12-17T00:15:38.592Z,"5km ENE of Vallejo, CA",quarry blast,0.3,31.61,0.17,11,reviewed,nc,nc
2019-12-16T22:48:44.430Z,19.2381,-67.7046,20,2.99,md,7,320,0.8829,0.5,pr,pr2019350041,2019-12-17T13:57:08.297Z,"103km NE of Punta Cana, Dominican Republic",earthquake,4.63,31.61,0.32,5,reviewed,pr,pr
2019-12-16T22:48:29.515Z,60.35,-143.1588,0,2,ml,,,,0.75,ak,ak019g37hcrt,2019-12-16T22:52:24.027Z,"51km NW of Cape Yakataga, Alaska",earthquake,,0.4,,,automatic,ak,ak
2019-12-16T22:31:52.812Z,60.5263,-151.7471,70.9,1.8,ml,,,,0.33,ak,ak019g37drfq,2019-12-16T22:36:30.423Z,"27km WNW of Kalifornsky, Alaska",earthquake,,0.8,,,automatic,ak,ak
2019-12-16T22:24:58.850Z,38.7893333,-122.7438354,1.07,0.63,md,9,87,0.008242,0.03,nc,nc73315506,2019-12-16T22:40:04.524Z,"2km NE of The Geysers, CA",earthquake,0.49,0.93,0.07,2,automatic,nc,nc
2019-12-16T22:20:05.900Z,19.1115,-67.7736,10,3.93,md,14,318,0.7844,0.54,pr,pr2019350019,2019-12-17T02:37:55.224Z,"61km NW of San Antonio, Puerto Rico",earthquake,3.08,31.61,0.12,9,reviewed,pr,pr
2019-12-16T22:15:58.560Z,35.6716667,-117.5273333,9.11,3.56,ml,81,22,0.06008,0.18,ci,ci39232664,2019-12-17T19:24:46.045Z,"15km ENE of Ridgecrest, CA",earthquake,0.11,0.27,0.149,304,reviewed,ci,ci
2019-12-16T22:12:37.230Z,46.8503333333333,-121.757333333333,1.2,1.17,ml,14,77,,0.07,uw,uw61564221,2019-12-16T22:20:15.050Z,"27km NNW of Packwood, Washington",earthquake,0.27,0.52,0.109629468570574,5,reviewed,uw,uw
2019-12-16T22:10:19.670Z,19.314,-67.3606,58,3.64,md,14,302,0.8825,0.52,pr,pr2019350017,2019-12-16T23:01:27.040Z,"80km NNW of Isabela, Puerto Rico",earthquake,4.11,12.21,0.13,9,reviewed,pr,pr
2019-12-16T22:05:31.270Z,46.1846666666667,-123.3945,-0.17,1.75,ml,17,74,,0.18,uw,uw61564216,2019-12-16T23:23:51.260Z,"2km SSW of Cathlamet, Washington",explosion,0.64,31.61,0.0815427480517277,13,reviewed,uw,uw
2019-12-16T22:01:51.100Z,19.3476667,-155.039,5.31,2.23,ml,48,189,0.06426,0.17,hv,hv71281336,2019-12-16T23:33:37.350Z,"18km SW of Leilani Estates, Hawaii",earthquake,0.48,0.62,0.186,18,reviewed,hv,hv
2019-12-16T21:58:51.160Z,33.1128333,-116.4473333,7.82,2.2,ml,59,37,0.13,0.23,ci,ci39232648,2019-12-16T22:10:20.350Z,"15km ENE of Julian, CA",earthquake,0.24,1.61,0.15,25,automatic,ci,ci
2019-12-16T21:58:46.070Z,33.1113333,-116.4433333,8.25,1.24,ml,58,48,0.1329,0.21,ci,ci39232640,2019-12-16T22:09:15.520Z,"15km ENE of Julian, CA",earthquake,0.24,1.03,0.137,16,automatic,ci,ci
2019-12-16T21:57:58.202Z,62.7898,-149.8142,63.8,2.1,ml,,,,0.76,ak,ak019g36xwu4,2019-12-16T22:10:34.895Z,"54km NNE of Talkeetna, Alaska",earthquake,,0.6,,,automatic,ak,ak
2019-12-16T21:56:49.940Z,19.1691,-67.6756,10,2.87,md,11,329,0.8089,0.45,pr,pr2019350024,2019-12-17T01:02:45.964Z,"96km NW of San Antonio, Puerto Rico",earthquake,2.92,31.61,0.37,10,reviewed,pr,pr
2019-12-16T21:56:07.070Z,38.5655,-112.2728333,11.35,1.07,md,11,105,0.1435,0.15,uu,uu60354487,2019-12-17T17:15:04.450Z,"15km WSW of Monroe, Utah",earthquake,0.49,1.12,0.169,6,reviewed,uu,uu
2019-12-16T21:50:51.030Z,19.011,-67.8,10,3.76,md,15,319,0.7039,0.46,pr,pr2019350018,2019-12-17T05:53:30.297Z,"80km NNW of San Antonio, Puerto Rico",earthquake,2.16,31.61,0.27,10,reviewed,pr,pr
2019-12-16T21:46:03.200Z,38.8343315,-122.7884979,1.87,0.96,md,15,88,0.004319,0.03,nc,nc73315486,2019-12-16T22:01:03.290Z,"6km WNW of Cobb, CA",earthquake,0.28,0.33,0.22,3,automatic,nc,nc
2019-12-16T21:43:32.470Z,19.157,-67.6333,10,2.66,md,9,328,0.7878,0.48,pr,pr2019350023,2019-12-17T02:01:19.256Z,"92km NW of San Antonio, Puerto Rico",earthquake,3.66,31.61,0.47,8,reviewed,pr,pr
2019-12-16T21:36:59.350Z,35.7498333,-117.5723333,3.14,1.02,ml,17,112,0.06888,0.16,ci,ci39232616,2019-12-16T21:52:15.646Z,"15km W of Searles Valley, CA",earthquake,0.32,0.48,0.192,12,reviewed,ci,ci
2019-12-16T21:32:24.730Z,33.5116667,-116.4493333,7.92,0.4,ml,17,70,0.02295,0.14,ci,ci39232608,2019-12-17T16:48:36.833Z,"21km SW of La Quinta, CA",earthquake,0.27,0.64,0.075,4,reviewed,ci,ci
2019-12-16T21:30:51.980Z,63.4946,-149.9426,104,2.4,ml,,,,0.74,ak,ak019g36s42g,2019-12-16T21:43:07.955Z,"50km WNW of Cantwell, Alaska",earthquake,,0.7,,,automatic,ak,ak
